interest,value,skill,personality,career
software development,originality,visual and fine arts,creative,artist
cuisine,software development,culinary techniques,stress-resistant,chef
characters,writing,acting and performing arts,inspiring,actor
flavor,originality,visual and fine arts,patient,artist
acting,emotional resonance,acting and performing arts,expressive,actor
characters,writing,acting and performing arts,resilient,actor
user interface design,user-centric,user experience design,problem-solver,ui/ux designer
writing,originality,software development,detail-oriented,writer
music,originality,acting and performing arts,creative,actor
software development,collaboration,project management and strategy,leadership,product manager
music,software development,music,creative,musician
photography,software development,photography and visual arts,detail-oriented,photographer
culinary arts,quality,culinary techniques,adaptable,chef
music,emotional resonance,music,disciplined,musician
music,emotional resonance,music,patient,musician
user interface design,consistency,user experience design,creative,ui/ux designer
flavor,originality,visual and fine arts,emotional resonanceal,artist
user interface design,user-centric,user experience design,detail-oriented,ui/ux designer
learning,patience,lesson planning,organised,teacher
user interface design,user-centric,user experience design,empathetic,ui/ux designer
writing,self-expression,writing and editing,patient,writer
product development,continuous improvement,data analysis,result-oriented,product manager
photography,sustainability,attention to detail,patient,photographer
human welfare,empathy,assessment,patient,nurse
food preparation,flavor,culinary techniques,creative,chef
software development,originality,visual and fine arts,open-minded,artist
counseling,respect,communication,resilient,social worker
user interface design,user-centric,user experience design,creative,ui/ux designer
data analysis,efficiency,programming and software development,organized,data analyst
counseling,respect,communication,patient,social worker
music,emotional resonanceal resonance,music,disciplined,musician
community protection,social justice,conflict resolution,adaptable,police officer
crime prevention,respect,communication,brave,police officer
music,artistic self-expression,music,patient,musician
photography,flavor,music,patient,photographer
writing,self-expression,writing and editing,creative,writer
product development,customer-centricity,project management and strategy,leadership,product manager
self-expression,emotional resonanceal resonance,visual and fine arts,open-minded,artist
problem-solving,efficiency,programming and software development,analytical,software engineer
law enforcement,respect,conflict resolution,empathetic,police officer
photography,flavor,music,detail-oriented,photographer
self-expression,emotional resonanceal resonance,visual and fine arts,expressive,artist
photography,flavor,music,expressive,photographer
social justice,social justice,conflict resolution,empathetic,police officer
human welfare,empathy,assessment,adaptable,nurse
software development,sustainability,culinary techniques,adaptable,chef
crime prevention,respect,communication,resilient,police officer
flavor,originality,visual and fine arts,creative,artist
software development,quality,programming and software development,detail-oriented,software engineer
social justice,social justice,conflict resolution,resilient,police officer
visual writing,perspective,photography and visual arts,detail-oriented,photographer
wellness,community support,patient education,adaptable,nurse
community support,community support,assessment,ethical,social worker
education,equality,assessment,organised,teacher
creativity,self-self-expression,visual and fine arts,expressive,artist
cuisine,software development,culinary techniques,adaptable,chef
healing,ethics,emergency response,adaptable,nurse
user interface design,consistency,user experience design,problem-solver,ui/ux designer
writing,presentation,writing and editing,disciplined,writer
photography,software development,photography and visual arts,detail-oriented,photographer
software development,quality,assessment,adaptable,software engineer
user interface design,user-centric,user experience design,collaborative,ui/ux designer
cooking,presentation,culinary techniques,collaborative,chef
visual self-expression,beauty,visual and fine arts,expressive,artist
writing,presentation,writing and editing,curious,writer
crime prevention,respect,communication,detail-oriented,police officer
problem-solving,efficiency,programming,curious,data analyst
music,software development,music,patient,musician
data analysis,efficiency,programming and software development,curious,data analyst
software development,communication,continuous improvement,persistent,writer
acting,emotional resonance,acting and performing arts,empathetic,actor
software development,efficiency,programming,detail-oriented,software engineer
music,software development,music,disciplined,musician
user interface design,flavor,user experience design,creative,ui/ux designer
visual writing,perspective,photography and visual arts,patient,photographer
software development,collaboration,programming and software development,collaborative,software engineer
data analysis,data respect,programming and software development,analytical,data analyst
culinary arts,quality,culinary techniques,stress-resistant,chef
education,respect,continuous improvement,organised,teacher
community support,community support,assessment,resilient,social worker
music,originality,photography and visual arts,creative,photographer
music,emotional resonanceal resonance,music,collaborative,musician
software development,communication,continuous improvement,detail-oriented,writer
cuisine,software development,culinary techniques,creative,chef
music,artistic self-expression,music,disciplined,musician
user interface design,user-centric,user experience design,detail-oriented,ui/ux designer
acting,emotional resonance,acting and performing arts,resilient,actor
cuisine,software development,culinary techniques,detail-oriented,chef
software development,collaboration,project management and strategy,creative,product manager
user interface design,user-centric,user experience design,detail-oriented,ui/ux designer
photography,software development,photography and visual arts,expressive,photographer
product development,continuous improvement,data analysis,problem solver,product manager
music,artistic self-expression,music,creative,musician
music,originality,acting and performing arts,expressive,actor
visual self-expression,beauty,visual and fine arts,creative,artist
creativity,self-self-expression,visual and fine arts,open-minded,artist
software development,communication,continuous improvement,creative,writer
writing,presentation,writing and editing,creative,writer
user interface design,flavor,user experience design,collaborative,ui/ux designer
counseling,respect,communication,empathetic,social worker
software development,communication,continuous improvement,disciplined,writer
cooking,presentation,culinary techniques,detail-oriented,chef
data analysis,efficiency,programming and software development,analytical,data analyst
writing,originality,software development,curious,writer
learning,patience,lesson planning,patient,teacher
cooking,presentation,culinary techniques,adaptable,chef
software development,quality,assessment,detail-oriented,software engineer
photography,software development,photography and visual arts,creative,photographer
software development,collaboration,programming and software development,adaptable,software engineer
user interface design,user-centric,user experience design,empathetic,ui/ux designer
cuisine,software development,culinary techniques,collaborative,chef
law enforcement,respect,conflict resolution,disciplined,police officer
data analysis,quality,programming and software development,curious,data analyst
education,knowledge,communication,inspiring,teacher
community protection,social justice,conflict resolution,brave,police officer
data analysis,data respect,programming and software development,detail-oriented,data analyst
cuisine,software development,culinary techniques,emotional resonanceal resonanceate,chef
acting,emotional resonance,acting and performing arts,adaptable,actor
problem-solving,efficiency,programming,communication skill,data analyst
software development,sustainability,culinary techniques,stress-resistant,chef
music,artistic self-expression,music,collaborative,musician
music,originality,photography and visual arts,expressive,photographer
education,knowledge,communication,enthusiastic,teacher
product development,continuous improvement,data analysis,creative,product manager
patient care,empathy,programming and software development,adaptable,nurse
photography,sustainability,attention to detail,detail-oriented,photographer
public safety,courage,conflict resolution,detail-oriented,police officer
music,originality,acting and performing arts,empathetic,actor
music,emotional resonance,music,collaborative,musician
patient care,empathy,programming and software development,resilient,nurse
creativity,self-self-expression,visual and fine arts,emotional resonanceal,artist
human welfare,empathy,communication,empathetic,social worker
learning,empathy,classroom management,organised,teacher
education,respect,continuous improvement,patient,teacher
music,emotional resonanceal resonance,music,dedicated,musician
self-expression,emotional resonanceal resonance,visual and fine arts,creative,artist
software development,efficiency,programming,collaborative,software engineer
software development,collaboration,programming and software development,analytical,software engineer
software development,originality,visual and fine arts,patient,artist
characters,writing,acting and performing arts,creative,actor
writing,self-expression,writing and editing,curious,writer
public safety,courage,conflict resolution,resilient,police officer
medicine,professionalism,communication,compassionate,nurse
acting,artistic self-expression,acting and performing arts,empathetic,actor
software development,quality,programming and software development,analytical,software engineer
software development,collaboration,programming and software development,detail-oriented,software engineer
music,software development,music,expressive,musician
learning,patience,lesson planning,compassionate,teacher
software development,collaboration,programming and software development,analytical,software engineer
writing,self-expression,writing and editing,detail-oriented,writer
acting,emotional resonance,acting and performing arts,inspiring,actor
problem-solving,efficiency,programming,detail-oriented,data analyst
human welfare,empathy,communication,ethical,social worker
visual writing,perspective,photography and visual arts,creative,photographer
user interface design,user-centric,user experience design,creative,ui/ux designer
public safety,courage,conflict resolution,adaptable,police officer
acting,emotional resonance,acting and performing arts,creative,actor
product development,continuous improvement,assessment,leadership,product manager
writing,originality,software development,patient,writer
music,emotional resonance,music,dedicated,musician
community protection,social justice,conflict resolution,resilient,police officer
writing,self-expression,writing and editing,persistent,writer
medicine,professionalism,communication,patient,nurse
education,equality,assessment,enthusiastic,teacher
education,equality,assessment,inspiring,teacher
photography,flavor,music,detail-oriented,photographer
writing,self-expression,writing and editing,disciplined,writer
product development,customer-centricity,project management and strategy,empathetic,product manager
education,equality,assessment,patient,teacher
software development,quality,assessment,analytical,software engineer
acting,artistic self-expression,acting and performing arts,adaptable,actor
photography,software development,photography and visual arts,patient,photographer
problem-solving,efficiency,programming and software development,analytical,software engineer
self-expression,emotional resonanceal resonance,visual and fine arts,emotional resonanceal,artist
data analysis,quality,programming and software development,organized,data analyst
flavor,originality,visual and fine arts,creative,artist
healing,ethics,emergency response,patient,nurse
software development,originality,visual and fine arts,creative,artist
software development,sustainability,culinary techniques,collaborative,chef
human welfare,empathy,communication,adaptable,social worker
human welfare,empathy,assessment,patient,nurse
counseling,respect,communication,empathyate,social worker
visual self-expression,beauty,visual and fine arts,open-minded,artist
learning,empathy,classroom management,compassionate,teacher
product development,customer-centricity,project management and strategy,creative,product manager
data analysis,quality,programming and software development,analytical,data analyst
writing,self-expression,writing and editing,persistent,writer
photography,sustainability,attention to detail,expressive,photographer
data analysis,quality,programming and software development,communication skill,data analyst
acting,emotional resonance,acting and performing arts,expressive,actor
writing,presentation,writing and editing,detail-oriented,writer
writing,presentation,writing and editing,patient,writer
software development,efficiency,programming,analytical,software engineer
product development,continuous improvement,assessment,problem solver,product manager
acting,emotional resonance,acting and performing arts,inspiring,actor
user interface design,user-centric,user experience design,collaborative,ui/ux designer
product development,customer-centricity,project management and strategy,creative,product manager
problem-solving,efficiency,programming and software development,adaptable,software engineer
photography,sustainability,attention to detail,detail-oriented,photographer
writing,self-expression,writing and editing,disciplined,writer
visual self-expression,beauty,visual and fine arts,emotional resonanceal,artist
education,respect,continuous improvement,compassionate,teacher
writing,presentation,writing and editing,persistent,writer
music,emotional resonanceal resonance,music,patient,musician
software development,quality,assessment,collaborative,software engineer
photography,sustainability,attention to detail,creative,photographer
cooking,presentation,culinary techniques,emotional resonanceal resonanceate,chef
wellness,community support,patient education,compassionate,nurse
community support,human dignity,assessment,resilient,social worker
human welfare,empathy,assessment,compassionate,nurse
public safety,courage,conflict resolution,brave,police officer
writing,self-expression,writing and editing,detail-oriented,writer
education,knowledge,communication,organised,teacher
music,originality,photography and visual arts,patient,photographer
crime prevention,respect,communication,empathetic,police officer
healing,ethics,emergency response,compassionate,nurse
photography,sustainability,attention to detail,patient,photographer
acting,emotional resonance,acting and performing arts,empathetic,actor
community support,human dignity,assessment,ethical,social worker
data analysis,quality,programming and software development,detail-oriented,data analyst
community protection,social justice,conflict resolution,detail-oriented,police officer
music,originality,photography and visual arts,patient,photographer
music,emotional resonance,music,creative,musician
problem-solving,efficiency,programming,organized,data analyst
user interface design,consistency,user experience design,collaborative,ui/ux designer
creativity,self-self-expression,visual and fine arts,creative,artist
software development,quality,programming and software development,collaborative,software engineer
user interface design,consistency,user experience design,detail-oriented,ui/ux designer
data analysis,efficiency,programming and software development,detail-oriented,data analyst
characters,writing,acting and performing arts,empathetic,actor
human welfare,empathy,assessment,detail-oriented,nurse
patient care,empathy,programming and software development,compassionate,nurse
music,artistic self-expression,music,expressive,musician
music,artistic self-expression,music,patient,musician
user interface design,flavor,user experience design,problem-solver,ui/ux designer
music,emotional resonance,music,collaborative,musician
music,artistic self-expression,music,dedicated,musician
wellness,community support,patient education,detail-oriented,nurse
education,respect,continuous improvement,enthusiastic,teacher
product development,continuous improvement,assessment,empathetic,product manager
acting,artistic self-expression,acting and performing arts,expressive,actor
music,originality,acting and performing arts,inspiring,actor
community support,human dignity,assessment,empathetic,social worker
problem-solving,efficiency,programming,analytical,data analyst
software development,originality,visual and fine arts,emotional resonanceal,artist
visual writing,perspective,photography and visual arts,expressive,photographer
music,emotional resonance,music,patient,musician
problem-solving,efficiency,programming and software development,detail-oriented,software engineer
software development,collaboration,project management and strategy,empathetic,product manager
photography,flavor,music,creative,photographer
problem-solving,efficiency,programming and software development,collaborative,software engineer
creativity,self-self-expression,visual and fine arts,patient,artist
cooking,presentation,culinary techniques,stress-resistant,chef
visual self-expression,beauty,visual and fine arts,patient,artist
product development,continuous improvement,assessment,result-oriented,product manager
law enforcement,respect,conflict resolution,adaptable,police officer
user interface design,flavor,user experience design,empathetic,ui/ux designer
social justice,social justice,conflict resolution,detail-oriented,police officer
data analysis,quality,programming and software development,communication skill,data analyst
software development,communication,continuous improvement,patient,writer
food preparation,flavor,culinary techniques,adaptable,chef
user interface design,user-centric,user experience design,problem-solver,ui/ux designer
human welfare,empathy,communication,patient,social worker
music,software development,music,collaborative,musician
medicine,professionalism,communication,resilient,nurse
food preparation,flavor,culinary techniques,emotional resonanceal resonanceate,chef
photography,software development,photography and visual arts,patient,photographer
software development,collaboration,project management and strategy,problem solver,product manager
social justice,social justice,conflict resolution,adaptable,police officer
